song_id,title,artist,genre,mood
S0001,Direction kitchen work,Julie Stewart,Pop,Happy
S0002,Oil movement Mr,Samantha Mitchell,Jazz,Sad
S0003,Camera yes,Sergio Mccormick,Rock,Sad
S0004,Prevent people,Lisa Torres,Pop,Happy
S0005,Face chance,Patricia Roberts,Classical,Chill
S0006,Though nor,David Boyd,Pop,Happy
S0007,Really support wall,Virginia Zimmerman,Pop,Sad
S0008,Natural that player,Caleb Willis,Rock,Happy
S0009,Society end,John Wolfe,Classical,Sad
S0010,Rock,Mark Stewart,Classical,Chill
S0011,Across news,Raymond Webster,Rock,Chill
S0012,Participant nice meet,Kaylee Rice,Classical,Energetic
S0013,Claim discover,Jean Johnson,Pop,Sad
S0014,Relationship upon,Joseph Ingram,Hip-Hop,Energetic
S0015,Ahead but,Brenda Pollard,Jazz,Sad
S0016,Huge style song officer,Devin Stokes,Rock,Energetic
S0017,Imagine dinner adult,Douglas Sherman,Pop,Happy
S0018,Involve choice yet,Paul Meyer,Hip-Hop,Happy
S0019,Tell grow color,Joshua Anderson,Jazz,Energetic
S0020,Professor argue,Kristy Peterson,Classical,Energetic
S0021,Their network,Leslie Woods,Pop,Chill
S0022,Quite,Diana Thomas,Classical,Happy
S0023,Part,David Ward,Hip-Hop,Happy
S0024,Child support,Amy Fuentes,Classical,Energetic
S0025,Management his,Emily Stone,Classical,Energetic
S0026,Guy next,Colleen Johnson,Classical,Sad
S0027,Rather take,Steve Hansen,Pop,Happy
S0028,Song system,Sandra Fisher,Rock,Energetic
S0029,Impact board,Lisa Alexander,Pop,Sad
S0030,None cause seven house,Carrie Johnson,Pop,Chill
S0031,Bar shake,Luke Spence,Jazz,Chill
S0032,Generation eat,Kristy Buckley,Jazz,Sad
S0033,Bill along,Kellie Larson,Jazz,Energetic
S0034,Direction who from,Shannon Pope,Rock,Energetic
S0035,Involve cost great,Angela May,Pop,Sad
S0036,Energy,Beverly Smith,Classical,Sad
S0037,Today agreement statement,Linda Lane,Rock,Chill
S0038,Great court likely,Randy Garrett,Hip-Hop,Energetic
S0039,Energy research,Sydney Estrada,Classical,Sad
S0040,Friend turn,Steven Moore,Jazz,Happy
S0041,Feel value,Holly Kelly,Rock,Happy
S0042,Green or,Justin Allen,Jazz,Chill
S0043,Find cut girl,Heather West,Jazz,Happy
S0044,Region wonder name,Christopher Valdez,Rock,Energetic
S0045,Meet speech guy,Sarah Smith,Rock,Chill
S0046,Church heart toward,Chelsea Garcia,Hip-Hop,Chill
S0047,National treatment,Sally Adams,Rock,Energetic
S0048,Its two,Rebecca Shaffer,Rock,Sad
S0049,Chance on,Carrie Clark,Classical,Energetic
S0050,Voice court,Lindsay Elliott,Classical,Chill
S0051,Because have some poor,Bethany Yates,Classical,Chill
S0052,Article other section,Angela Jones,Jazz,Sad
S0053,Finally safe daughter,Carl Shannon,Rock,Chill
S0054,Before scene accept,Patricia Lamb,Pop,Happy
S0055,Wide whole foot,Mikayla Mason,Pop,Sad
S0056,Leave always,Kristine Estes,Rock,Chill
S0057,Should course station race,Allison Taylor,Classical,Happy
S0058,Today dream,Derek Lee,Hip-Hop,Chill
S0059,Appear staff,Matthew Clarke,Classical,Chill
S0060,Huge less,Katherine Fisher,Classical,Energetic
S0061,Full wait,Jenny Lewis,Classical,Happy
S0062,Hour street,Donald Hampton,Pop,Energetic
S0063,Usually central,Carrie Bush,Jazz,Happy
S0064,Plan room receive,Jillian Parker,Jazz,Chill
S0065,Might forward,Anna Snyder,Rock,Chill
S0066,Month meet change sure,Michelle Cole,Pop,Energetic
S0067,Dinner,Craig Ramsey,Classical,Sad
S0068,Main,Matthew Marks,Classical,Happy
S0069,Represent if,Sydney Rasmussen,Jazz,Sad
S0070,Ready back,Brandy Meadows,Rock,Energetic
S0071,Goal cause,April Roy,Rock,Happy
S0072,Focus fear price,Rebecca Martinez,Classical,Energetic
S0073,Pick assume cup,Suzanne Mcfarland,Hip-Hop,Happy
S0074,Value high none,Jeffrey Matthews,Pop,Energetic
S0075,One for,Shannon Preston,Jazz,Sad
S0076,Reduce care,Jeffrey Lee,Pop,Sad
S0077,Worry hour,Tonya Pena,Classical,Happy
S0078,Most even former woman,Kristina Flores,Pop,Chill
S0079,Speech with,Michelle Gilmore,Pop,Sad
S0080,Realize claim nice,Larry Drake,Rock,Chill
S0081,Among serve western forward,Anthony Brewer,Classical,Sad
S0082,Paper his far,Mallory Anderson,Jazz,Chill
S0083,Happy wonder attorney resource,Jessica Ramirez,Rock,Sad
S0084,Certainly cell must,Kendra Mays,Jazz,Chill
S0085,Hard choice capital,Bryan Hansen,Jazz,Chill
S0086,Affect present officer,Bryan Moody,Classical,Chill
S0087,Hope send at,Jeffrey Robles,Pop,Sad
S0088,Audience college,Trevor Harper,Rock,Happy
S0089,Size character page,Michael Ryan,Jazz,Happy
S0090,Interest he she,Christina Anderson,Classical,Sad
S0091,Three always avoid,Ronald Cross,Classical,Sad
S0092,Professional,Gerald Wilson,Pop,Happy
S0093,War east,Seth Lopez,Pop,Sad
S0094,Anyone western,David Tucker,Pop,Happy
S0095,Generation,Michael Carter,Jazz,Happy
S0096,Store bag,Edward Clark,Classical,Sad
S0097,Author,John Williams,Jazz,Chill
S0098,Concern move,Brenda Escobar,Rock,Sad
S0099,Coach red chance,Daniel Johnson,Classical,Chill
S0100,World college effect,James Miller,Rock,Chill
